{
  "mat": [
    [
      -1.348775203327284, 
      -1.348775203327284, 
      -1.348775203327284
    ], 
    [
      -1.4126444486090783, 
      -1.4126444486090783, 
      -1.4126444486090783
    ], 
    [
      0.05047762305330494, 
      0.05047762305330494, 
      0.05047762305330494
    ], 
    [
      1.4278870121945269, 
      1.4278870121945269, 
      1.4278870121945269
    ], 
    [
      0.19011763179069618, 
      0.19011763179069618, 
      0.19011763179069618
    ], 
    [
      0.2900510430799039, 
      0.2900510430799039, 
      0.2900510430799039
    ], 
    [
      0.08989143085541816, 
      0.08989143085541816, 
      0.08989143085541816
    ], 
    [
      -1.15946867747856, 
      -1.15946867747856, 
      -1.15946867747856
    ], 
    [
      2.250711563197075, 
      2.250711563197075, 
      2.250711563197075
    ], 
    [
      0.2755064940977748, 
      0.2755064940977748, 
      0.2755064940977748
    ], 
    [
      0.954180869779087, 
      0.954180869779087, 
      0.954180869779087
    ], 
    [
      -0.6717314258552511, 
      -0.6717314258552511, 
      -0.6717314258552511
    ], 
    [
      -0.10331976138389906, 
      -0.10331976138389906, 
      -0.10331976138389906
    ], 
    [
      -1.0374008044789038, 
      -1.0374008044789038, 
      -1.0374008044789038
    ], 
    [
      0.2755064940977748, 
      0.2755064940977748, 
      0.2755064940977748
    ], 
    [
      -0.07098984101258539, 
      -0.07098984101258539, 
      -0.07098984101258539
    ]
  ], 
  "links": [], 
  "views": [], 
  "mat_orig": [
    [
      -0.00631965875086, 
      -0.00631965875086, 
      -0.00631965875086
    ], 
    [
      -0.0065681574167600005, 
      -0.0065681574167600005, 
      -0.0065681574167600005
    ], 
    [
      -0.000875528965417, 
      -0.000875528965417, 
      -0.000875528965417
    ], 
    [
      0.00448361367185, 
      0.00448361367185, 
      0.00448361367185
    ], 
    [
      -0.000332225913621, 
      -0.000332225913621, 
      -0.000332225913621
    ], 
    [
      5.65890672769e-05, 
      5.65890672769e-05, 
      5.65890672769e-05
    ], 
    [
      -0.0007221800630830001, 
      -0.0007221800630830001, 
      -0.0007221800630830001
    ], 
    [
      -0.005583116164329999, 
      -0.005583116164329999, 
      -0.005583116164329999
    ], 
    [
      0.0076850105615700005, 
      0.0076850105615700005, 
      0.0076850105615700005
    ], 
    [
      0.0, 
      0.0, 
      0.0
    ], 
    [
      0.00264054594967, 
      0.00264054594967, 
      0.00264054594967
    ], 
    [
      -0.00368545703585, 
      -0.00368545703585, 
      -0.00368545703585
    ], 
    [
      -0.0014739146936800002, 
      -0.0014739146936800002, 
      -0.0014739146936800002
    ], 
    [
      -0.00510818173453, 
      -0.00510818173453, 
      -0.00510818173453
    ], 
    [
      0.0, 
      0.0, 
      0.0
    ], 
    [
      -0.0013481273597999999, 
      -0.0013481273597999999, 
      -0.0013481273597999999
    ]
  ], 
  "cat_colors": {
    "col": {}, 
    "row": {}
  }, 
  "row_nodes": [
    {
      "group": [
        1.0, 
        1.0, 
        1.0, 
        1.0, 
        1.0, 
        1.0, 
        1.0, 
        1.0, 
        1.0, 
        1.0, 
        1.0
      ], 
      "name": "BOC", 
      "clust": 3, 
      "rank": 1, 
      "ini": 16, 
      "rankvar": 0
    }, 
    {
      "group": [
        1.0, 
        1.0, 
        1.0, 
        1.0, 
        1.0, 
        1.0, 
        1.0, 
        1.0, 
        1.0, 
        1.0, 
        1.0
      ], 
      "name": "BOJ", 
      "clust": 4, 
      "rank": 0, 
      "ini": 15, 
      "rankvar": 1
    }, 
    {
      "group": [
        4.0, 
        2.0, 
        2.0, 
        2.0, 
        2.0, 
        2.0, 
        2.0, 
        2.0, 
        2.0, 
        2.0, 
        1.0
      ], 
      "name": "BancoCentralDoBrasil", 
      "clust": 14, 
      "rank": 7, 
      "ini": 14, 
      "rankvar": 2
    }, 
    {
      "group": [
        4.0, 
        2.0, 
        2.0, 
        2.0, 
        2.0, 
        2.0, 
        2.0, 
        2.0, 
        2.0, 
        2.0, 
        1.0
      ], 
      "name": "BankOfEngland", 
      "clust": 15, 
      "rank": 14, 
      "ini": 13, 
      "rankvar": 15
    }, 
    {
      "group": [
        4.0, 
        2.0, 
        2.0, 
        2.0, 
        2.0, 
        2.0, 
        2.0, 
        2.0, 
        2.0, 
        2.0, 
        1.0
      ], 
      "name": "Banxico", 
      "clust": 13, 
      "rank": 9, 
      "ini": 12, 
      "rankvar": 3
    }, 
    {
      "group": [
        4.0, 
        2.0, 
        2.0, 
        2.0, 
        2.0, 
        2.0, 
        2.0, 
        2.0, 
        2.0, 
        2.0, 
        1.0
      ], 
      "name": "BoK", 
      "clust": 12, 
      "rank": 12, 
      "ini": 11, 
      "rankvar": 4
    }, 
    {
      "group": [
        3.0, 
        2.0, 
        2.0, 
        2.0, 
        2.0, 
        2.0, 
        2.0, 
        2.0, 
        2.0, 
        2.0, 
        1.0
      ], 
      "name": "CBRT", 
      "clust": 8, 
      "rank": 8, 
      "ini": 10, 
      "rankvar": 5
    }, 
    {
      "group": [
        1.0, 
        1.0, 
        1.0, 
        1.0, 
        1.0, 
        1.0, 
        1.0, 
        1.0, 
        1.0, 
        1.0, 
        1.0
      ], 
      "name": "ECB", 
      "clust": 2, 
      "rank": 2, 
      "ini": 9, 
      "rankvar": 6
    }, 
    {
      "group": [
        4.0, 
        2.0, 
        2.0, 
        2.0, 
        2.0, 
        2.0, 
        2.0, 
        2.0, 
        2.0, 
        2.0, 
        1.0
      ], 
      "name": "FederalReserve", 
      "clust": 11, 
      "rank": 15, 
      "ini": 8, 
      "rankvar": 7
    }, 
    {
      "group": [
        3.0, 
        2.0, 
        2.0, 
        2.0, 
        2.0, 
        2.0, 
        2.0, 
        2.0, 
        2.0, 
        2.0, 
        1.0
      ], 
      "name": "NorgesBank", 
      "clust": 9, 
      "rank": 10, 
      "ini": 7, 
      "rankvar": 8
    }, 
    {
      "group": [
        5.0, 
        2.0, 
        2.0, 
        2.0, 
        2.0, 
        2.0, 
        2.0, 
        2.0, 
        2.0, 
        2.0, 
        1.0
      ], 
      "name": "PBOC", 
      "clust": 10, 
      "rank": 13, 
      "ini": 6, 
      "rankvar": 9
    }, 
    {
      "group": [
        2.0, 
        1.0, 
        1.0, 
        1.0, 
        1.0, 
        1.0, 
        1.0, 
        1.0, 
        1.0, 
        1.0, 
        1.0
      ], 
      "name": "RBA", 
      "clust": 5, 
      "rank": 4, 
      "ini": 5, 
      "rankvar": 14
    }, 
    {
      "group": [
        1.0, 
        1.0, 
        1.0, 
        1.0, 
        1.0, 
        1.0, 
        1.0, 
        1.0, 
        1.0, 
        1.0, 
        1.0
      ], 
      "name": "RBNZ", 
      "clust": 1, 
      "rank": 5, 
      "ini": 4, 
      "rankvar": 13
    }, 
    {
      "group": [
        1.0, 
        1.0, 
        1.0, 
        1.0, 
        1.0, 
        1.0, 
        1.0, 
        1.0, 
        1.0, 
        1.0, 
        1.0
      ], 
      "name": "Riksbank", 
      "clust": 0, 
      "rank": 3, 
      "ini": 3, 
      "rankvar": 10
    }, 
    {
      "group": [
        3.0, 
        2.0, 
        2.0, 
        2.0, 
        2.0, 
        2.0, 
        2.0, 
        2.0, 
        2.0, 
        2.0, 
        1.0
      ], 
      "name": "SARB", 
      "clust": 7, 
      "rank": 11, 
      "ini": 2, 
      "rankvar": 11
    }, 
    {
      "group": [
        2.0, 
        1.0, 
        1.0, 
        1.0, 
        1.0, 
        1.0, 
        1.0, 
        1.0, 
        1.0, 
        1.0, 
        1.0
      ], 
      "name": "SNB", 
      "clust": 6, 
      "rank": 6, 
      "ini": 1, 
      "rankvar": 12
    }
  ], 
  "col_nodes": [
    {
      "group": [
        1.0, 
        1.0, 
        1.0, 
        1.0, 
        1.0, 
        1.0, 
        1.0, 
        1.0, 
        1.0, 
        1.0, 
        1.0
      ],