{
  "mat": [
    [
      -0.4743416490252569, 
      -0.7098114186918244, 
      -0.6313919672971616, 
      -0.4013407893531348, 
      0.185078575074704, 
      -0.42803032093157056
    ], 
    [
      -0.4743416490252569, 
      -0.7098114186918244, 
      -0.6313919672971616, 
      -0.4013407893531348, 
      -0.5716833458904271, 
      -0.42803032093157056
    ], 
    [
      -0.4743416490252569, 
      2.453100442572047, 
      1.7945442255343846, 
      2.736075948543892, 
      2.5640310228504473, 
      2.626342748834346
    ], 
    [
      -0.4743416490252569, 
      -0.7098114186918244, 
      -0.6313919672971616, 
      -0.4013407893531348, 
      -0.5716833458904271, 
      -0.42803032093157056
    ], 
    [
      -0.4743416490252569, 
      -0.5386488245715726, 
      -0.6313919672971616, 
      -0.4013407893531348, 
      -0.48707558996110084, 
      -0.42803032093157056
    ], 
    [
      -0.4743416490252569, 
      0.27780297049194214, 
      -0.4592770687768378, 
      -0.4013407893531348, 
      -0.5106818703575037, 
      0.7978998186182187
    ], 
    [
      1.8973665961010275, 
      0.7591401810539132, 
      1.8436926622580745, 
      0.474650366281186, 
      0.7382478993674312, 
      -0.42803032093157056
    ], 
    [
      1.8973665961010275, 
      0.036309562133428196, 
      0.28560739433104393, 
      -0.4013407893531348, 
      -0.20286665341226995, 
      -0.42803032093157056
    ], 
    [
      -0.4743416490252569, 
      -0.14845865691246, 
      -0.30760737686085743, 
      -0.4013407893531348, 
      -0.5716833458904271, 
      -0.42803032093157056
    ], 
    [
      -0.4743416490252569, 
      -0.7098114186918244, 
      -0.6313919672971616, 
      -0.4013407893531348, 
      -0.5716833458904271, 
      -0.42803032093157056
    ]
  ], 
  "links": [], 
  "views": [], 
  "mat_orig": [
    [
      0.0, 
      0.0, 
      0.0, 
      0.0, 
      0.000795124577577, 
      0.0
    ], 
    [
      0.0, 
      0.0, 
      0.0, 
      0.0, 
      0.0, 
      0.0
    ], 
    [
      0.0, 
      0.0016427229067000001, 
      0.00102517218931, 
      0.00031838937835, 
      0.0032946736533299996, 
      0.0015599179982000002
    ], 
    [
      0.0, 
      0.0, 
      0.0, 
      0.0, 
      0.0, 
      0.0
    ], 
    [
      0.0, 
      8.88967908259e-05, 
      0.0, 
      0.0, 
      8.88967908259e-05, 
      0.0
    ], 
    [
      0.0, 
      0.000512937714126, 
      7.27337379484e-05, 
      0.0, 
      6.40938333721e-05, 
      0.000626102458848
    ], 
    [
      0.000314779439823, 
      0.000762930030169, 
      0.00104594174237, 
      8.88967908259e-05, 
      0.00137633580547, 
      0.0
    ], 
    [
      0.000314779439823, 
      0.000387513177772, 
      0.000387513177772, 
      0.0, 
      0.000387513177772, 
      0.0
    ], 
    [
      0.0, 
      0.000291550027621, 
      0.00013682757132, 
      0.0, 
      0.0, 
      0.0
    ], 
    [
      0.0, 
      0.0, 
      0.0, 
      0.0, 
      0.0, 
      0.0
    ]
  ], 
  "cat_colors": {
    "col": {}, 
    "row": {}
  }, 
  "row_nodes": [
    {
      "group": [
        4.0, 
        2.0, 
        1.0, 
        1.0, 
        1.0, 
        1.0, 
        1.0, 
        1.0, 
        1.0, 
        1.0, 
        1.0
      ], 
      "name": "AmyKlobuchar", 
      "clust": 1, 
      "rank": 4, 
      "ini": 10, 
      "rankvar": 5
    }, 
    {
      "group": [
        1.0, 
        1.0, 
        1.0, 
        1.0, 
        1.0, 
        1.0, 
        1.0, 
        1.0, 
        1.0, 
        1.0, 
        1.0
      ], 
      "name": "AndrewYang", 
      "clust": 5, 
      "rank": 0, 
      "ini": 9, 
      "rankvar": 1
    }, 
    {
      "group": [
        8.0, 
        6.0, 
        4.0, 
        4.0, 
        4.0, 
        3.0, 
        2.0, 
        2.0, 
        2.0, 
        1.0, 
        1.0
      ], 
      "name": "BernieSanders", 
      "clust": 7, 
      "rank": 9, 
      "ini": 8, 
      "rankvar": 9
    }, 
    {
      "group": [
        1.0, 
        1.0, 
        1.0, 
        1.0, 
        1.0, 
        1.0, 
        1.0, 
        1.0, 
        1.0, 
        1.0, 
        1.0
      ], 
      "name": "BetoORourke", 
      "clust": 6, 
      "rank": 1, 
      "ini": 7, 
      "rankvar": 2
    }, 
    {
      "group": [
        2.0, 
        1.0, 
        1.0, 
        1.0, 
        1.0, 
        1.0, 
        1.0, 
        1.0, 
        1.0, 
        1.0, 
        1.0
      ], 
      "name": "CoryBooker", 
      "clust": 3, 
      "rank": 3, 
      "ini": 6, 
      "rankvar": 0
    }, 
    {
      "group": [
        5.0, 
        3.0, 
        2.0, 
        2.0, 
        2.0, 
        1.0, 
        1.0, 
        1.0, 
        1.0, 
        1.0, 
        1.0
      ], 
      "name": "ElizabethWarren", 
      "clust": 0, 
      "rank": 6, 
      "ini": 5, 
      "rankvar": 6
    }, 
    {
      "group": [
        6.0, 
        4.0, 
        3.0, 
        3.0, 
        3.0, 
        2.0, 
        2.0, 
        2.0, 
        2.0, 
        1.0, 
        1.0
      ], 
      "name": "JoeBiden", 
      "clust": 8, 
      "rank": 8, 
      "ini": 4, 
      "rankvar": 8
    }, 
    {
      "group": [
        7.0, 
        5.0, 
        3.0, 
        3.0, 
        3.0, 
        2.0, 
        2.0, 
        2.0, 
        2.0, 
        1.0, 
        1.0
      ], 
      "name": "JulianCastro", 
      "clust": 9, 
      "rank": 7, 
      "ini": 3, 
      "rankvar": 7
    }, 
    {
      "group": [
        3.0, 
        1.0, 
        1.0, 
        1.0, 
        1.0, 
        1.0, 
        1.0, 
        1.0, 
        1.0, 
        1.0, 
        1.0
      ], 
      "name": "KamalaHarris", 
      "clust": 2, 
      "rank": 5, 
      "ini": 2, 
      "rankvar": 4
    }, 
    {
      "group": [
        1.0, 
        1.0, 
        1.0, 
        1.0, 
        1.0, 
        1.0, 
        1.0, 
        1.0, 
        1.0, 
        1.0, 
        1.0
      ], 
      "name": "PeteButtigieg", 
      "clust": 4, 
      "rank": 2, 
      "ini": 1, 
      "rankvar": 3
    }
  ], 
  "col_nodes": [
    {
      "group": [
        6.0, 
        4.0, 
        2.0, 
        2.0, 
        2.0, 
        2.0, 
        2.0, 
        2.0, 
        1.0, 
        1.0, 
        1.0
      ], 
      "name": "CriminalJusticeReform", 
      "clust": 0, 
      "rank": 2, 
      "ini": 6, 
      "rankvar": 0
    }, 
    {
      "group": [
        3.0, 
        1.0, 
        1.0, 
        1.0, 
        1.0, 
        1.0, 
        1.0, 
        1.0, 
        1.0, 
        1.0, 
        1.0
      ], 
      "name": "Healthcare", 
      "clust": 3, 
      "rank": 5, 
      "ini": 5, 
      "rankvar": 2
    }, 
    {
      "group": [
        5.0, 
        3.0, 
        1.0, 
        1.0, 
        1.0, 
        1.0, 
        1.0, 
        1.0, 
        1.0, 
        1.0, 
        1.0
      ], 
      "name": "Immigration", 
      "clust": 1, 
      "rank": 1, 
      "ini": 4, 
      "rankvar": 3
    }, 
    {
      "group": [
        1.0, 
        1.0, 
        1.0, 
        1.0, 
        1.0, 
        1.0, 
        1.0, 
        1.0, 
        1.0, 
        1.0, 
        1.0
      ], 
      "name": "IncomeInequality", 
      "clust": 4, 
      "rank": 3, 
      "ini": 3, 
      "rankvar": 4
    }, 
    {
      "group": [
        2.0, 
        1.0, 
        1.0, 
        1.0, 
        1.0, 
        1.0, 
        1.0, 
        1.0, 
        1.0, 
        1.0, 
        1.0
      ], 
      "name": "NationalSecurity", 
      "clust": 5, 
      "rank": 0, 
      "ini": 2, 
      "rankvar": 1
    }, 
    {
      "group": [
        4.0, 
        2.0, 
        1.0, 
        1.0, 
        1.0, 
        1.0, 
        1.0, 
        1.0, 
        1.0, 
        1.0, 
        1.0
      ], 
      "name": "TradeWar", 
      "clust": 2, 
      "rank": 4, 
      "ini": 1, 
      "rankvar": 5
    }
  ], 
  "enrichrgram": false
}